iter	MultiClass
0	1.740967257
1	1.702536085
2	1.666115787
3	1.642504354
4	1.631709694
5	1.611733803
6	1.591827966
7	1.578760204
8	1.569178684
9	1.553474419110	1.542291434111	1.538737892112	1.536002594113	1.532744112114	1.520867016115	1.515036239116	1.512799059117	1.510238362118	1.503742558119	1.502634661220	1.50015967221	1.493617948222	1.492581017223	1.491179183224	1.489545277225	1.488385892226	1.484487471227	1.483893304228	1.480598388229	1.47963802330	1.47604338
31	1.473931442332	1.469095023333	1.467604677334	1.466006483535	1.465611343636	1.464844733737	1.46451036338	1.461454032339	1.460493919440	1.460050003441	1.459665504442	1.457949844443	1.457391174444	1.456749144545	1.455856664646	1.45525747447	1.454400745448	1.453321615449	1.450638956550	1.450063897551	1.449889857552	1.448648877553	1.44775403554	1.44172089
55	1.441300828
56	1.44094885
57	1.440211969
58	1.439700979
59	1.438994833
60	1.438780235
61	1.438322942
62	1.437536566
63	1.4367347
64	1.436519602
65	1.434527822
66	1.434122597
67	1.433308116
68	1.432911014
69	1.431024892
70	1.43077258
71	1.430165276
72	1.429803864
73	1.429602185
74	1.427517966
75	1.427192223
76	1.426955119
77	1.426193341
78	1.425844656
79	1.425294358
80	1.424966784
81	1.424345318
82	1.424011516
83	1.423785799
84	1.423574008
85	1.423167362
86	1.422984109
87	1.421185639
88	1.420705467
89	1.420224088
90	1.419319465
91	1.419012222
92	1.418697605
93	1.41818767
94	1.417723325
95	1.417449647
96	1.416796927
97	1.416382889
98	1.415968362
99	1.41571241
100	1.415052169
101	1.414538623
102	1.41397388
103	1.41374106
104	1.413368855
105	1.413137269
106	1.413006696
107	1.411854385
108	1.411352109	109	1.410968542
110	1.410440413
111	1.4101811211112	1.409521111113	1.409037111114	1.4085977111115	1.4082740111116	1.4072349111117	1.4070709118118	1.406648119	1.54840968
120	1.547647008
0037047
121	1.399144652
122	1.540500133
123	1.53991717
124	1.539544731
9125	1125	1.54272126	1126	1.54233127	1127	1.54208807
	1.40049689
129	1.40014184
130	1.537507917
131	1.536876868
132	1.536458146
